timestamp,sim_time_s,cars_alive,total_gerado,carros_sa√≠dos,waiting_v,waiting_h,ped_waiting,priority
1762981825.1552894,1.01,0,0,0,0,0,0,0.07
1762981826.1676662,2.02,0,0,0,0,0,0,0.13
1762981827.1825562,3.04,2,2,0,0,0,0,0.20
1762981828.1966276,4.05,4,4,0,0,0,0,0.27
1762981829.2089536,5.07,4,4,0,1,0,0,0.94
1762981830.2213087,6.08,5,5,0,1,0,0,1.00
1762981831.225749,7.08,6,6,0,1,0,0,1.07
1762981832.2416224,8.10,8,8,0,1,0,0,1.14
1762981833.258001,9.11,8,8,0,2,0,0,1.81
1762981834.2662265,10.12,8,10,2,3,0,0,2.48
1762981835.276202,11.13,7,10,3,3,0,0,2.54
1762981836.2779138,12.13,7,11,4,3,0,0,2.61
1762981837.2944171,13.15,7,11,4,3,0,0,2.68
1762981838.2965012,14.15,9,13,4,4,0,0,3.35
1762981839.3026369,15.16,11,15,4,4,0,0,3.36
1762981846.9211721,1.01,3,3,0,0,0,0,0.07
1762981847.922379,2.01,3,3,0,1,0,0,0.73
1762981848.9347944,3.02,3,3,0,1,0,0,0.80
1762981849.9491775,4.03,7,7,0,1,0,0,0.87
1762981850.958971,5.04,11,11,0,1,0,0,0.94
1762981851.970308,6.05,14,15,1,3,0,0,2.20
1762981852.9833782,7.07,16,17,1,3,0,0,2.27
1762981853.9880016,8.07,16,19,3,3,0,0,2.34
1762981854.9926424,9.08,17,20,3,4,0,0,3.01
1762981855.9964895,10.08,17,20,3,5,0,0,3.67
1762981857.0015197,11.08,16,22,6,5,0,0,3.74
1762981858.004665,12.09,16,24,8,5,0,0,3.80
1762981859.009148,13.10,18,26,8,5,2,0,3.80
1762981860.0143423,14.10,19,27,8,5,2,0,3.80
1762981861.0234509,15.11,20,28,8,5,4,0,2.41
1762981862.035062,16.12,21,29,8,4,4,0,2.48
1762981863.039653,17.12,21,29,8,0,4,0,2.55
1762981864.0466483,18.13,23,31,8,0,4,0,2.62
1762981865.063791,19.15,24,32,8,0,4,0,2.68
1762981866.064869,20.15,20,33,13,0,4,0,2.75
1762981867.0649586,21.15,17,34,17,0,4,0,2.82
1762981868.0709307,22.15,19,37,18,0,5,0,3.49
1762981869.0840962,23.17,22,40,18,0,5,0,3.55
1762981870.0971344,24.18,24,43,19,0,5,0,3.62
1762981871.098738,25.18,24,44,20,0,5,0,3.69
1762981872.1094947,26.19,26,48,22,0,5,0,3.76
1762981873.1115193,27.20,26,49,23,0,5,0,3.80
1762981874.122093,28.21,27,50,23,2,5,1,3.80
1762981875.136034,29.22,27,50,23,2,5,1,3.80
1762981876.1536615,30.24,24,51,27,3,7,0,1.83
1762981877.1663713,31.25,26,55,29,3,8,0,1.90
1762981878.1784844,32.26,26,55,29,3,8,0,1.96
1762981879.1855268,33.27,25,55,30,4,8,0,2.63
1762981880.1964116,34.28,27,57,30,4,8,0,2.70
1762981881.208398,35.29,27,57,30,5,8,0,3.37
1762981882.2165453,36.30,27,57,30,5,8,0,3.43
1762981883.2195292,37.30,29,59,30,5,8,0,3.50
1762981884.2260125,38.31,32,62,30,5,8,0,3.57
1762981885.2326605,39.32,33,63,30,5,8,0,3.64
1762981886.2348714,40.32,35,65,30,5,8,0,3.70
1762981887.236949,41.32,36,67,31,5,8,0,3.77
1762981888.2403998,42.33,36,69,33,5,9,0,3.80
1762981889.2545204,43.34,36,70,34,5,9,0,3.80
1762981890.2617218,44.35,37,72,35,5,9,1,3.80
1762981891.2646248,45.35,38,73,35,7,9,0,5.40
1762981892.2706764,46.36,38,73,35,7,9,0,5.40
1762981893.271706,47.36,38,73,35,7,9,0,5.40
1762981894.2782884,48.36,38,73,35,7,9,0,4.24
1762981895.2831023,49.37,39,76,37,7,9,0,4.31
1762981896.2902157,50.37,40,78,38,7,9,0,4.38
1762981897.2877538,51.37,41,79,38,7,9,1,4.44
1762981898.3020117,52.39,41,79,38,7,9,1,4.44
1762981899.3080122,53.39,41,81,40,7,9,1,4.44
1762981900.3174384,54.40,41,83,42,7,9,0,5.40
1762981901.3279035,55.41,41,85,44,7,9,1,5.40
1762981902.32899,56.42,41,87,46,7,9,1,5.40
1762981903.3393872,57.42,41,87,46,7,9,0,4.21
1762981904.3391826,58.42,41,91,50,7,9,0,4.28
1762981905.3417256,59.42,41,93,52,7,9,0,4.34
1762981906.3531098,60.44,41,94,53,7,9,0,4.41
1762981907.363258,61.45,41,94,53,7,9,0,4.41
1762981908.3778565,62.46,41,94,53,7,9,0,4.41
1762981909.3813279,63.47,41,94,53,7,9,0,5.40
1762981910.3897514,64.48,41,94,53,7,9,0,5.40
1762981911.4031122,65.49,41,94,53,7,9,0,5.40
1762981912.4108193,66.49,41,94,53,7,9,0,4.21
1762981913.4159975,67.50,41,95,54,7,9,0,4.27
1762981914.4289489,68.51,41,95,54,7,9,0,4.34
1763052278.4829824,1.00,1,1,0,0,0,0,0.07
1763052279.483837,2.00,1,1,0,0,0,0,0.13
1763052280.4929972,3.01,1,1,0,1,0,1,0.16
1763052281.5047588,4.03,3,3,0,1,0,1,0.16
1763052282.5202277,5.04,5,5,0,0,0,0,0.04
1763052283.5259445,6.05,6,6,0,0,1,0,0.71
1763052284.5404477,7.06,7,7,0,0,1,0,0.78
1763052285.5450606,8.06,8,8,0,0,1,0,0.85
1763052286.55049,9.07,7,8,1,1,3,1,2.11
1763052287.563573,10.09,11,12,1,1,3,1,2.11
1763052288.5821617,11.10,11,13,2,2,1,0,1.21
1763052866.0819385,1.01,1,1,0,0,0,0,0.07
1763052867.084914,2.01,3,3,0,0,0,0,0.13
1763052868.0914164,3.02,7,7,0,1,0,0,0.80
1763052869.101703,4.03,8,8,0,2,0,0,1.47
1763052870.10159,5.03,9,9,0,3,4,1,1.48
1763052871.111874,6.04,10,10,0,3,5,1,1.48
1763052872.129621,7.06,10,10,0,1,6,0,3.66
1763052873.1425216,8.07,10,10,0,0,6,0,3.72
1763052874.144646,9.07,12,12,0,0,6,0,3.79
1763052875.15756,10.09,14,14,0,0,6,0,3.86
1763052876.1731465,11.10,12,14,2,0,6,0,3.93
1763052877.1750808,12.10,14,17,3,0,6,0,3.99
1763052878.1800122,13.11,14,18,4,0,6,0,4.06
1763052879.1870525,14.12,19,23,4,2,8,0,5.31
1763052880.1876476,15.12,23,28,5,3,8,0,5.31
1763052881.1981785,16.12,25,32,7,5,5,0,3.02
1763052882.2141423,17.14,24,33,9,7,4,0,4.29
1763052883.219413,18.15,26,35,9,7,5,1,4.29
1763052884.22782,19.16,28,37,9,7,6,1,4.29
1763052885.2437804,20.17,27,38,11,8,6,0,3.66
1763052886.2476876,21.17,23,40,17,3,8,0,4.93
1763052887.260526,22.19,27,44,17,0,8,0,5.00
1763052888.2619777,23.19,28,45,17,5,8,0,5.00
1763052889.270315,24.20,23,45,22,5,8,0,5.00
1763052890.278168,25.20,18,46,28,5,6,0,3.06
1763052891.2820926,26.21,18,47,29,5,6,0,3.13
1763052892.2831378,27.21,19,48,29,5,1,0,3.20
1763052893.2910342,28.22,21,50,29,5,0,0,3.27
1763052894.3050566,29.23,22,51,29,5,0,0,3.34
1763052895.3027544,30.23,18,53,35,5,2,0,3.39
1763052896.3183632,31.25,14,54,40,7,3,0,3.39
1763052897.3239648,32.25,15,56,41,5,4,0,2.42
1763052898.3302932,33.26,13,56,43,2,4,0,2.49
1763052899.34561,34.27,13,56,43,0,5,0,3.15
1763052900.3539653,35.28,13,56,43,0,5,0,3.21
1763052901.3551354,36.29,12,56,44,0,5,0,3.21
1763052902.3608174,37.29,7,57,50,0,3,0,0.02
1763052903.3706338,38.30,7,57,50,0,1,0,0.08
1763056902.2727926,1.01,2,2,0,0,0,0,0.07
1763056903.2844772,2.02,2,2,0,1,0,0,0.73
1763056904.2902505,3.03,2,2,0,1,1,1,0.75
1763056905.300343,4.04,3,3,0,1,1,1,0.75
1763056906.3163118,5.05,4,4,0,0,2,0,1.25
1763056907.3275886,6.06,4,4,0,0,2,0,1.32
1763056908.3342195,7.07,5,5,0,0,2,0,1.39
1763056909.3476143,8.08,6,6,0,0,3,0,2.05
1763056910.3600535,9.09,7,8,1,0,3,0,2.12
1763056911.3773932,10.11,9,10,1,0,3,0,2.19
1763056912.3935957,11.13,9,10,1,0,4,0,2.86
1763056913.4061863,12.14,9,11,2,0,5,0,3.52
1763056914.4222565,13.16,9,11,2,0,5,0,3.59
1763056958.9454088,1.00,0,0,0,0,0,0,0.07
1763056959.9618366,2.02,1,1,0,0,0,0,0.13
1763056960.9789684,3.03,1,1,0,0,0,0,0.20
1763056961.9940007,4.05,2,2,0,0,0,0,0.27
1763056963.0012715,5.06,3,3,0,0,0,0,0.34
1763056964.0136714,6.07,4,4,0,1,0,0,1.00
1763056965.0203726,7.08,4,4,0,2,0,0,1.67
1763056966.031949,8.09,4,4,0,2,0,0,1.74
1763056967.041146,9.10,6,7,1,2,0,0,1.81
1763056968.0562363,10.11,7,8,1,2,0,0,1.88
1763056969.065938,11.12,7,8,1,3,2,1,1.88
1763056970.087275,12.14,7,8,1,1,3,0,1.80
1763059024.5702953,1.01,1,1,0,0,0,0,0.07
1763059025.58032,2.02,2,2,0,0,0,0,0.13
1763059026.5879207,3.03,3,3,0,0,0,0,0.20
1763059027.595769,4.04,4,4,0,1,0,0,0.87
1763059028.6085863,5.05,6,6,0,2,0,0,1.54
1763059029.6146622,6.06,8,8,0,3,0,0,2.21
1763059030.616232,7.06,8,8,0,5,0,1,2.23
1763059031.6235554,8.07,7,8,1,5,1,1,2.23
1763059032.6301308,9.07,7,8,1,2,1,0,0.64
1763059033.6463406,10.09,6,8,2,0,1,0,0.71
1763059034.6548932,11.10,6,8,2,0,1,0,0.78
1763059035.6872575,12.10,6,8,2,0,1,0,0.85
1763059036.6717637,13.11,5,10,5,0,1,0,0.92
1763059037.6745095,14.12,5,12,7,0,1,0,0.98
1763059038.6767008,15.12,5,12,7,1,3,1,2.23
1763059039.6821837,16.13,5,12,7,2,3,1,2.23
1763059040.6983314,17.14,5,12,7,2,1,0,1.22
1763059041.7084234,18.15,5,12,7,2,0,0,1.29
1763059042.713698,19.16,5,12,7,2,0,0,1.35
1763059043.724147,20.17,5,12,7,2,0,0,1.42
1763059044.7372553,21.18,4,12,8,2,0,0,1.49
1763059045.745816,22.19,2,12,10,2,0,0,1.56
1763059046.7608318,23.20,3,13,10,2,0,0,1.63
1763059047.7704,24.21,6,16,10,2,0,0,1.69
1763059048.775276,25.22,6,16,10,3,0,0,2.36
1763059049.7866054,26.23,7,17,10,3,0,0,2.43
1763059050.7925143,27.23,8,18,10,3,0,0,2.50
1763059051.8000896,28.25,8,18,10,4,0,0,3.15
1763059052.8167274,29.26,10,20,10,5,0,0,3.15
1763059053.8217273,30.26,9,20,11,4,0,0,0.01
1763059054.8302162,31.27,8,21,13,1,1,0,0.68
1763059055.8447945,32.29,9,22,13,0,1,0,0.74
1763059056.8549304,33.30,10,23,13,0,1,0,0.81
1763059057.8644454,34.31,10,23,13,0,1,0,0.88
1763059058.8677688,35.31,5,23,18,0,1,0,0.95
1763059059.8756428,36.32,5,24,19,0,1,0,1.01
1763059060.8827589,37.32,6,25,19,0,2,0,1.68
1763059061.889897,38.33,4,25,21,0,2,0,1.75
1763059062.8913093,39.33,4,25,21,0,3,0,2.42
1763059063.8944333,40.34,3,25,22,0,3,0,2.49
1763059064.9036353,41.35,4,26,22,0,3,0,2.55
1763059065.9103165,42.35,6,28,22,0,3,0,2.62
1763059066.9126575,43.35,7,29,22,0,4,0,3.29
1763059067.9205701,44.37,9,31,22,0,6,0,4.56
1763059068.9288716,45.37,11,33,22,1,6,0,4.56
1763059069.9370558,46.38,12,34,22,3,4,0,1.80
1763059070.9402149,47.38,13,35,22,4,2,0,2.47
1763059071.941481,48.38,13,35,22,5,0,0,3.14
1763059072.9576952,49.40,14,36,22,6,0,0,3.81
1763059073.9657197,50.41,14,36,22,6,0,0,3.87
1763059074.9668114,51.41,11,38,27,6,0,0,3.94
1763059103.0955703,1.00,1,1,0,0,0,0,0.07
1763059104.1060812,2.01,1,1,0,0,0,0,0.13
1763059105.115404,3.02,1,1,0,0,0,0,0.20
1763059106.1132984,4.02,1,1,0,0,1,0,0.21
1763059107.1195965,5.03,2,2,0,0,1,0,0.21
1763059108.1381485,6.04,2,2,0,0,1,0,0.67
1763059109.1411955,7.05,3,3,0,0,2,2,1.29
1763059110.143245,8.05,3,3,0,0,3,2,1.29
1763059111.1519268,9.06,3,3,0,0,0,0,0.04
1763059112.1611586,10.07,3,3,0,0,0,0,0.11
1763059113.1598668,11.07,3,3,0,0,0,1,0.15
1763059114.1702733,12.08,3,3,0,0,0,1,0.15
1763059115.1825466,13.09,3,5,2,0,0,0,0.03
1763059116.1856258,14.09,2,5,3,0,0,0,0.10
1763059117.1973982,15.10,2,5,3,0,1,0,0.76
1763059118.2092838,16.12,2,5,3,0,1,0,0.81
1763059119.211501,17.12,3,6,3,0,1,0,0.81
1763059120.229814,18.13,5,8,3,0,0,0,0.03
1763059121.242867,19.15,5,8,3,0,0,0,0.09
1763059122.2566018,20.16,4,8,4,0,0,0,0.16
1763059123.262508,21.17,5,9,4,0,2,0,0.21
1763059124.271197,22.18,6,11,5,0,2,0,0.21
1763059125.278872,23.18,7,12,5,0,2,0,1.22
1763059126.2901404,24.19,6,12,6,0,2,0,1.29
1763059127.297697,25.20,6,12,6,0,2,0,1.36
1763059128.3078604,26.22,6,12,6,0,2,0,1.41
1763059129.3182385,27.23,6,12,6,0,2,0,1.41
1763059130.3331184,28.24,4,12,8,0,0,0,0.02
1763059131.3383012,29.24,2,12,10,0,0,0,0.09
1763059132.342944,30.25,3,13,10,0,0,1,0.13
1763059133.349669,31.26,5,15,10,0,0,1,0.13
1763059134.3687568,32.27,5,17,12,0,2,0,1.23
1763059135.3692882,33.27,7,19,12,0,2,0,1.30
1763059136.3793683,34.28,8,20,12,0,3,0,1.96
1763059137.3782742,35.29,9,21,12,3,3,2,1.98
1763059138.3825555,36.29,10,22,12,3,4,2,1.98
1763059139.4025545,37.31,12,24,12,4,1,0,2.46
1763059140.4034154,38.31,12,25,13,4,0,0,2.52
1763059141.413075,39.32,14,27,13,5,0,0,3.19
1763059142.4123402,40.32,14,27,13,6,0,0,3.86
1763059143.4245858,41.33,12,28,16,6,0,0,3.93
1763059144.4294755,42.33,12,29,17,6,0,0,4.00
1763059145.4434867,43.35,13,31,18,7,0,0,4.67
1763059146.4442127,44.35,14,33,19,8,1,0,5.32
1763059147.4455905,45.35,15,34,19,8,2,0,5.32
1763059148.4542694,46.36,16,37,21,5,4,0,2.41
1763059149.462084,47.37,16,37,21,3,4,0,2.48
1763059150.4729996,48.38,17,38,21,0,5,0,3.15
1763059151.4819095,49.39,19,41,22,0,5,0,3.21
1763059152.4868503,50.39,20,43,23,0,5,0,3.28
1763059153.4935691,51.40,18,46,28,0,7,0,4.55
1763059154.499734,52.41,15,47,32,2,7,1,4.59
1763059155.5144355,53.42,15,48,33,2,7,2,4.59
1763059156.5306056,54.43,15,48,33,2,7,0,1.23
1763059157.5336974,55.44,14,48,34,2,5,0,1.30
1763059158.5454953,56.45,16,50,34,2,0,0,1.37
1763059159.5501783,57.46,18,52,34,2,0,1,1.43
1763059160.5602186,58.47,23,59,36,2,2,1,1.43
1763059161.5718877,59.48,18,60,42,1,5,0,3.00
1763059162.5835261,60.49,15,62,47,5,5,1,3.04
1763059163.5945854,61.50,15,62,47,5,5,1,3.04
1763059164.6013002,62.51,15,62,47,6,5,0,3.63
1763059165.609801,63.51,15,62,47,6,2,0,3.70
1763059166.6140697,64.52,15,63,48,6,0,0,3.77
1763059167.6316674,65.54,16,64,48,6,0,0,3.84
1763059168.6480029,66.55,16,65,49,7,0,0,4.50
1763059169.6539228,67.56,12,66,54,8,0,0,5.15
1763059170.6689222,68.58,10,66,56,8,1,0,5.15
1763059171.6848464,69.59,13,69,56,7,1,0,0.62
1763059172.695034,70.60,14,70,56,1,1,0,0.69
1763059173.6982915,71.60,14,70,56,0,2,0,1.36
1763059174.698553,72.60,14,70,56,0,2,0,1.42
1763059175.7046132,73.61,12,71,59,0,2,0,1.49
1763059176.7063754,74.61,6,71,65,0,2,0,1.56
1763059177.7097964,75.62,5,71,66,0,2,0,1.63
1763059178.7143867,76.62,4,71,67,0,2,0,1.69
1763059179.7241285,77.63,4,72,68,0,2,0,1.76
1763059180.7322955,78.64,4,72,68,0,2,0,1.83
1763059181.73572,79.64,4,72,68,0,2,0,1.90
1763059182.7364848,80.65,3,72,69,1,2,0,1.95
1763059183.7433007,81.65,3,72,69,1,2,0,1.95
1763059184.7481785,82.65,3,72,69,1,0,0,0.61
1763059185.7579863,83.66,5,74,69,1,0,0,0.68
1763059186.7674837,84.67,5,74,69,1,0,0,0.75
1763059187.774664,85.68,6,75,69,3,0,0,2.01
1763059188.782327,86.69,7,76,69,3,0,0,2.08
1763059189.794366,87.70,5,76,71,3,0,0,2.15
1763059190.801844,88.71,6,77,71,3,0,0,2.22
1763059191.805094,89.71,7,78,71,3,0,0,2.29
1763059192.8196523,90.72,9,80,71,4,0,0,2.95
1763059193.8291411,91.73,9,80,71,4,0,0,3.02
1763059194.8391023,92.75,11,83,72,4,3,2,3.04
1763059344.6589503,1.00,2,2,0,0,0,0,0.07
1763059345.6651182,2.01,3,3,0,0,0,0,0.13
1763059346.6764314,3.02,3,3,0,3,0,0,2.00
1763059347.6904392,4.03,4,4,0,3,0,0,2.07
1763059348.6913645,5.04,5,5,0,3,0,0,2.14
1763059349.7066786,6.05,6,6,0,3,0,0,2.20
1763059350.7086523,7.05,6,6,0,3,0,0,2.27
1763059351.7143974,8.06,6,6,0,4,0,0,2.94
1763059352.726916,9.07,6,6,0,4,0,0,3.01
1763059353.7418125,10.09,7,7,0,4,0,0,3.07
1763059354.757704,11.10,7,8,1,4,0,0,3.14
1763059355.765622,12.11,7,9,2,4,0,0,3.21
1763059356.7733748,13.12,7,9,2,4,0,0,3.28
1763059357.788048,14.13,7,9,2,4,0,0,3.34
1763059358.7920022,15.14,7,9,2,4,1,0,3.36
1763059359.7969468,16.14,6,9,3,4,1,0,3.36
1763059360.8065152,17.15,6,10,4,2,1,0,0.66
1763059361.8099492,18.15,7,11,4,0,2,0,1.33
1763059362.8211145,19.16,7,11,4,0,2,0,1.39
1763059363.833825,20.18,9,13,4,0,3,0,2.06
1763059364.8416789,21.18,10,14,4,0,4,0,2.73
1763059365.8458204,22.19,7,15,8,0,6,0,4.00
1763059366.8472924,23.19,7,15,8,0,6,0,4.06
1763059367.8478503,24.19,7,15,8,0,6,0,4.13
1763059368.8560805,25.20,7,15,8,0,6,0,4.20
1763059369.8614225,26.20,7,15,8,0,6,0,4.27
1763059370.8763452,27.22,8,16,8,0,6,0,4.34
1763059371.8747287,28.22,7,16,9,0,7,1,4.34
1763059372.8808217,29.23,8,17,9,0,7,1,4.34
1763059373.8922558,30.23,8,17,9,0,1,0,0.07
1763059374.900824,31.24,9,18,9,0,0,0,0.14
1763059375.904927,32.25,9,18,9,0,0,0,0.20
1763059376.9129827,33.26,10,19,9,1,0,0,0.87
1763059377.9227545,34.27,4,19,15,1,0,0,0.94
1763059378.927784,35.27,2,19,17,1,0,0,1.01
1763059379.9347253,36.28,2,19,17,1,0,0,1.07
1763059380.9455056,37.29,3,20,17,1,0,0,1.14
1763059381.9510212,38.29,4,21,17,1,0,0,1.21
1763059382.962742,39.31,6,23,17,3,0,0,2.48
1763059383.9754145,40.32,5,23,18,3,0,0,2.54
1763059384.981591,41.33,8,26,18,4,1,0,3.15
1763059385.9881659,42.33,9,27,18,5,2,0,3.15
1763059387.0034482,43.35,9,27,18,2,2,0,1.26
1763059388.0135472,44.36,9,27,18,0,3,0,1.93
1763059389.0235507,45.37,9,27,18,0,3,0,1.99
1763059390.0321715,46.37,9,27,18,0,3,0,2.06
1763059391.0438917,47.39,7,28,21,0,3,0,2.13
1763059392.0454166,48.39,4,28,24,0,3,0,2.20
1763059393.048973,49.39,4,28,24,0,3,0,2.26
1763059394.053931,50.40,4,28,24,0,3,0,2.33
1763059395.0595553,51.40,4,28,24,0,3,0,2.40
1763059396.0670707,52.41,4,28,24,0,3,0,2.47
1763059397.0750275,53.42,4,28,24,0,3,0,2.53
1763059398.0744727,54.42,4,29,25,0,3,0,2.55
1763059399.0790348,55.43,4,29,25,0,4,0,2.55
1763059400.091276,56.43,5,30,25,0,1,0,0.05
1763059401.0955088,57.44,6,31,25,0,0,0,0.12
1763059402.095732,58.44,8,33,25,1,0,0,0.78
1763059403.1099503,59.45,10,35,25,1,0,0,0.85
1763059404.1136115,60.46,7,35,28,3,0,0,2.12
1763059405.1168947,61.46,6,35,29,3,0,0,2.19
1763059406.1159964,62.46,8,37,29,3,2,1,2.19
1763059407.1248431,63.47,7,37,30,4,2,1,2.19
1763059408.1348457,64.48,8,38,30,0,2,0,1.27
1763059409.1491642,65.49,8,38,30,0,2,0,1.34
1763059410.149457,66.50,11,41,30,1,2,2,1.36
1763059411.155829,67.50,13,43,30,2,3,2,1.36
1763059412.1705263,68.51,11,44,33,3,0,0,1.85
1763059413.1749003,69.52,9,44,35,3,0,0,1.91
1763059414.1888957,70.53,9,44,35,3,0,0,1.98
1763059415.2000098,71.54,10,45,35,3,0,0,2.05
1763059416.2040238,72.55,8,45,37,3,1,1,2.05
1763059417.2132745,73.56,5,45,40,3,1,1,2.05
1763059418.2297497,74.57,5,45,40,0,1,0,0.67
1763059419.243684,75.59,4,45,41,0,1,0,0.74
1763059420.2468734,76.59,4,45,41,0,1,0,0.80
1763059421.2583578,77.60,5,46,41,0,1,0,0.87
1763059422.2632375,78.61,2,46,44,0,1,0,0.94
1763059423.2794096,79.62,3,47,44,0,2,0,1.61
1763059424.2911892,80.63,3,47,44,0,2,0,1.67
1763059425.2966113,81.64,3,47,44,0,3,1,2.34
1763059426.3098614,82.66,3,47,44,0,3,1,2.34
1763059427.3169749,83.66,5,49,44,0,1,0,0.01
1763059428.3244648,84.67,7,51,44,0,0,0,0.07
1763059429.335716,85.68,7,51,44,1,0,0,0.74
1763059430.338354,86.68,8,52,44,2,0,0,1.41
1763059431.347652,87.69,9,53,44,2,0,0,1.48
1763059432.3536434,88.70,6,53,47,3,0,0,2.14
1763059433.3628786,89.71,8,55,47,3,0,0,2.21
1763059434.3622127,90.71,8,56,48,4,1,0,2.23
1763059435.3743176,91.72,7,56,49,4,2,0,2.23
1763059436.378139,92.72,7,56,49,1,3,0,1.85
1763059437.3893538,93.73,9,58,49,0,3,0,1.92
1763059438.3907876,94.73,9,58,49,0,3,0,1.98
1763059439.3905554,95.74,9,58,49,1,4,0,2.01
1763059440.4001293,96.75,6,58,52,1,4,0,2.01
1763059441.415041,97.76,6,59,53,1,1,0,0.64
1763059442.4165504,98.76,6,59,53,2,0,0,1.31
1763059443.426221,99.77,7,60,53,2,0,0,1.38
1763059444.4267995,100.77,7,60,53,2,0,0,1.41
1763059445.4312165,101.78,4,60,56,3,0,0,1.41
1763059446.443584,102.79,3,60,57,1,0,0,0.04
1763059447.4521,103.80,3,60,57,0,0,0,0.11
1763059448.4683294,104.81,3,60,57,0,0,0,0.18
1763059449.4728935,105.82,5,62,57,0,0,0,0.18
1763059450.4772508,106.82,5,62,57,0,0,0,0.21
1763059451.4885006,107.84,3,62,59,1,1,0,0.21
1763059452.497441,108.84,2,62,60,1,0,0,0.64
1763059453.5083516,109.85,2,62,60,1,0,0,0.71
1763059454.5203218,110.86,2,62,60,1,0,0,0.78
1763059455.5326643,111.88,2,62,60,1,0,0,0.81
1763059456.5409327,112.89,1,62,61,1,0,0,0.81
1763059457.5588765,113.90,1,62,61,0,0,0,0.04
1763059458.5584753,114.90,1,62,61,0,0,0,0.10
1763059459.5682302,115.91,1,62,61,0,0,0,0.17
1763059460.5705326,116.92,2,63,61,0,0,0,0.21
1763059461.5805464,117.93,1,63,62,0,0,0,0.21
1763059462.5925066,118.94,2,64,62,1,0,0,0.63
1763059463.5996592,119.94,2,64,62,1,0,0,0.70
1763059464.6094172,120.95,3,65,62,1,0,0,0.77
1763059465.6107004,121.95,5,67,62,1,0,0,0.84
1763059466.6195798,122.96,6,68,62,1,0,0,0.90
1763059467.6278539,123.97,8,70,62,2,0,0,1.57
1763059468.629841,124.97,8,70,62,2,0,0,1.64
1763059469.636217,125.98,8,71,63,2,0,0,1.71
1763059470.64053,126.98,8,71,63,2,0,0,1.77
1763059471.6476293,127.99,7,71,64,3,0,0,2.44
1763059472.6495843,128.99,7,72,65,3,0,0,2.51
1763059473.6553743,130.00,6,73,67,3,0,0,2.58
1763059474.6690273,131.01,6,74,68,3,0,0,2.65
1763059475.684707,132.03,6,74,68,3,0,0,2.72
1763059476.6911333,133.04,7,75,68,3,2,0,2.76
1763059477.699253,134.05,7,75,68,4,2,1,2.76
1763059478.713834,135.06,6,75,69,2,2,0,1.23
1763059479.7213593,136.06,6,75,69,0,2,0,1.30
1763059480.7370586,137.08,8,77,69,0,2,0,1.36
1763059481.7362652,138.08,9,78,69,0,2,1,1.38
1763059482.744931,139.09,8,78,70,1,3,1,1.38
1763059483.7565484,140.10,5,78,73,2,0,0,1.25
1763059484.7647967,141.11,5,78,73,2,0,0,1.31
1763059485.7686172,142.11,5,78,73,2,0,0,1.38
1763059486.785386,143.13,6,79,73,2,0,0,1.45
1763059487.7927701,144.14,4,80,76,2,0,0,1.52
1763059488.8057911,145.15,4,80,76,2,0,0,1.58
1763059489.8140974,146.16,4,80,76,2,0,0,1.65
1763059490.8191817,147.16,4,80,76,2,0,0,1.72
1763059491.8296192,148.17,4,80,76,2,0,0,1.79
1763059492.8321285,149.17,4,80,76,2,0,0,1.85
1763059493.8423004,150.18,3,80,77,2,0,0,1.92
1763059498.5742388,1.01,0,0,0,0,0,0,0.07
1763059499.5841072,2.02,0,0,0,0,0,0,0.13
1763059500.5981798,3.03,0,0,0,0,0,0,0.20
1763059501.6052618,4.05,0,0,0,0,0,0,0.21
1763059502.6196322,5.06,0,0,0,0,0,0,0.21
1763059503.6361449,6.07,1,1,0,0,0,0,0.06
1763059504.648602,7.09,1,1,0,0,1,0,0.73
1763059505.6564856,8.09,1,1,0,0,1,0,0.80
1763059506.663435,9.10,2,2,0,0,1,0,0.81
1763059507.67364,10.11,2,2,0,0,2,0,0.81
1763059508.6883862,11.12,2,2,0,0,0,0,0.06
1763059509.695617,12.13,2,2,0,0,0,0,0.13
1763059510.7108808,13.15,2,2,0,0,0,0,0.20
1763059511.7205336,14.16,2,2,0,0,0,0,0.21
1763059512.7282875,15.17,1,2,1,0,0,0,0.21
1763059513.7423048,16.18,0,2,2,0,0,0,0.06
1763059514.748664,17.19,0,2,2,0,0,0,0.12
1763059515.7586806,18.20,0,2,2,0,0,0,0.19
1763059516.7647128,19.20,0,2,2,0,0,0,0.21
1763059517.7680614,20.21,0,2,2,0,0,0,0.21
1763059518.9755566,21.41,0,2,2,0,0,0,0.02
1763059519.9779704,22.41,0,2,2,0,0,0,0.09
1763059520.9892266,23.43,0,2,2,0,0,0,0.16
1763059521.9944787,24.43,0,2,2,0,0,0,0.21
1763059523.0035765,25.44,0,2,2,0,0,0,0.21
1763059524.0149155,26.45,0,2,2,0,0,0,0.02
1763059525.0225353,27.46,0,2,2,0,0,0,0.08
1763059526.0272832,28.46,0,2,2,0,0,0,0.15
1763059527.033482,29.47,0,2,2,0,0,0,0.21
1763059528.0348802,30.47,1,3,2,0,0,0,0.21
1763059529.0458539,31.48,1,3,2,1,0,0,0.61
1763059530.053014,32.49,1,3,2,1,0,0,0.68
1763059531.057061,33.49,1,3,2,1,0,0,0.75
1763059532.064666,34.50,2,4,2,1,0,0,0.82
1763059533.0778282,35.51,2,4,2,1,0,0,0.88
1763059534.0792773,36.52,2,4,2,2,0,0,1.55
1763059535.090428,37.53,2,4,2,2,0,0,1.62
1763059536.0914855,38.53,3,5,2,2,0,0,1.68
1763059537.097675,39.54,3,5,2,2,0,1,1.75
1763059538.1093395,40.55,3,5,2,3,0,2,1.75
1763059539.1214144,41.56,3,5,2,1,0,0,0.01
1763059540.1221566,42.56,3,5,2,3,0,1,0.02
1763059541.129574,43.57,4,6,2,3,0,1,0.02
1763059542.1372979,44.58,4,6,2,3,0,1,1.83
1763059543.1449223,45.58,4,6,2,4,0,2,1.83
1763059544.1557858,46.59,5,7,2,1,0,0,0.03
1763059545.1666613,47.60,5,7,2,1,1,0,0.70
1763059546.175693,48.61,5,7,2,0,1,0,0.77
1763059547.1763985,49.61,5,7,2,0,1,0,0.83
1763059548.1836689,50.62,5,7,2,0,1,0,0.90
1763059549.1900718,51.63,3,7,4,0,1,0,0.97
1763059550.1884532,52.63,1,7,6,0,1,1,1.00
1763059551.201906,53.64,2,8,6,0,1,1,1.00
1763059552.218352,54.65,2,8,6,0,0,0,0.04
1763059553.221445,55.66,2,8,6,1,1,1,0.68
1763059554.2318273,56.67,3,9,6,1,1,1,0.68
1763059555.2379098,57.67,4,10,6,0,1,0,0.63
1763059556.243232,58.68,4,10,6,0,2,0,1.29
1763059557.2543929,59.69,4,10,6,0,2,0,1.36
1763059558.260198,60.70,5,11,6,0,2,0,1.41
1763059559.2629998,61.70,5,11,6,0,2,0,1.41
1763059560.2747304,62.71,5,12,7,1,0,0,0.62
1763059561.2867038,63.72,5,12,7,1,0,0,0.69
1763059562.2916954,64.73,4,12,8,1,0,0,0.76
1763059563.2964692,65.74,5,13,8,1,1,0,0.81
1763059564.3079507,66.75,4,13,9,2,1,0,0.81
1763059565.3135278,67.75,3,13,10,0,1,0,0.62
1763059566.3233066,68.76,4,14,10,0,1,0,0.69
1763059567.334559,69.77,4,14,10,0,1,0,0.75
1763059568.3377461,70.78,4,14,10,1,1,0,0.81
1763059569.3442335,71.79,4,15,11,1,1,0,0.81
1763059570.3538046,72.79,3,15,12,1,0,0,0.62
1763059571.3672214,73.80,3,15,12,1,0,0,0.68
1763059572.3815858,74.82,3,15,12,1,0,0,0.75
1763059573.388269,75.83,3,15,12,1,0,0,0.81
1763059574.400549,76.84,2,15,13,1,0,0,0.81
1763059575.413153,77.85,2,15,13,0,0,0,0.01
1763059576.4213228,78.86,1,15,14,0,0,0,0.08
1763059577.4311225,79.87,1,15,14,0,0,0,0.15
1763059578.4349728,80.88,2,16,14,0,0,0,0.21
1763059579.4404316,81.88,3,17,14,0,0,0,0.21
1763059580.4478807,82.88,4,19,15,1,0,0,0.61
1763059581.4477835,83.89,5,20,15,1,2,1,0.62
1763059582.4595206,84.90,5,20,15,2,2,1,0.62
1763059583.470285,85.91,5,20,15,0,2,0,1.26
1763059584.4841058,86.92,5,20,15,0,2,0,1.33
1763059585.491385,87.93,6,21,15,0,2,0,1.39
1763059586.4921105,88.93,7,22,15,0,2,0,1.41
1763059587.5039396,89.94,5,22,17,0,4,0,1.41
1763059588.5146213,90.95,6,24,18,0,1,0,0.05
1763059589.529813,91.97,7,25,18,0,0,0,0.12
1763059590.5365965,92.97,8,26,18,0,0,0,0.19
1763059591.5364304,93.98,10,28,18,0,3,0,0.21
1763059592.538372,94.98,8,28,20,1,4,0,0.21
1763059593.5535157,95.99,6,28,22,0,5,0,3.05
1763059594.5652833,97.00,7,29,22,0,5,0,3.12
1763059595.575784,98.01,8,30,22,0,5,0,3.19
1763059596.5784266,99.02,8,30,22,0,7,0,3.21
1763059597.5822494,100.02,9,31,22,0,7,0,3.21
1763059598.5918632,101.03,8,31,23,0,3,0,0.05
1763059599.598887,102.04,8,31,23,1,0,0,0.72
1763059600.612608,103.05,9,32,23,1,0,0,0.78
1763059601.6200078,104.06,10,33,23,2,0,0,0.81
1763059602.6267388,105.07,8,35,27,3,0,0,0.81
1763059603.6390426,106.08,5,35,30,0,0,0,0.04
1763059604.6501794,107.09,5,35,30,0,2,0,1.31
1763059605.6652386,108.10,5,35,30,0,2,0,1.38
1763059606.6735935,109.11,9,39,30,0,2,0,1.41
1763059607.6810138,110.12,9,40,31,0,2,0,1.41
1763059608.6932511,111.13,9,42,33,2,0,0,1.24
1763059609.6938765,112.13,9,43,34,2,0,0,1.31
1763059610.7030265,113.14,10,44,34,2,0,0,1.37
1763059611.7050915,114.15,11,45,34,2,2,0,1.41
1763059612.713473,115.15,9,45,36,2,3,0,1.41
1763059613.7225473,116.16,7,45,38,0,3,0,1.84
1763059690.677479,1.01,2,2,0,0,0,0,0.07
1763059691.6861353,2.01,3,3,0,0,0,0,0.13
1763059692.6921794,3.02,4,4,0,1,0,0,0.80
1763059693.6988952,4.03,5,5,0,2,0,0,1.47
1763059694.7030132,5.03,6,6,0,2,0,0,1.54
1763059695.7082508,6.04,8,8,0,2,1,1,1.57
1763059696.7169857,7.05,11,11,0,2,3,1,1.57
1763059697.7334638,8.06,10,11,1,0,4,0,2.44
1763059698.7428787,9.07,10,12,2,0,4,0,2.51
1763059699.7560642,10.08,12,14,2,0,4,0,2.57
1763059700.7701678,11.10,15,17,2,0,5,0,3.24
1763059701.775247,12.10,15,19,4,0,5,0,3.31
1763059702.7754521,13.10,14,19,5,0,6,0,3.97
1763059703.7917614,14.12,12,19,7,0,7,0,4.64
1763059704.803811,15.13,13,20,7,0,7,0,4.71
1763060016.0653815,1.01,2,2,0,0,0,0,0.07
1763060017.0764365,2.02,2,2,0,0,0,0,0.13
1763060018.0831885,3.02,4,4,0,1,0,0,0.80
1763060019.088266,4.03,4,4,0,1,1,0,0.81
1763060020.0965033,5.04,6,6,0,2,2,0,0.81
1763060021.1093712,6.05,8,8,0,0,2,0,1.26
1763060022.1155672,7.06,10,10,0,0,4,0,2.53
1763060023.1202471,8.06,12,12,0,0,6,0,3.80
1763060024.1245656,9.07,14,14,0,1,6,0,3.81
1763060025.1368103,10.08,13,15,2,2,7,0,3.81
1763060026.1562521,11.10,15,17,2,4,5,0,2.46
1763060027.1600754,12.10,16,18,2,4,0,0,2.53
1763060028.1645026,13.10,20,22,2,4,0,0,2.60
1763060029.170356,14.11,24,26,2,4,5,0,2.61
1763060094.9941294,1.01,1,1,0,0,0,0,0.07
1763060096.0018306,2.02,1,1,0,0,0,0,0.13
1763060097.604095,3.62,5,5,0,1,0,0,0.80
1763060098.6011915,4.62,6,6,0,1,0,1,0.84
1763060099.6012166,5.62,10,10,0,3,3,1,0.84
1763060100.6043096,6.62,10,10,0,1,3,0,1.82
1763060101.6082685,7.62,12,12,0,0,4,0,2.49
1763060102.615415,8.63,14,14,0,0,4,0,2.56
1763060103.6219287,9.64,15,15,0,0,4,0,2.63
1763060104.6349192,10.65,16,17,1,0,5,0,3.29
1763060105.6418726,11.66,18,21,3,0,6,0,3.96
1763060106.6508532,12.67,17,23,6,0,6,0,4.03
1763060107.6631672,13.68,19,26,7,0,7,0,4.70
1763060108.6664984,14.68,19,29,10,0,7,0,4.76
1763060109.6758702,15.69,19,30,11,0,7,0,4.83
1763060110.6868012,16.70,19,31,12,0,7,0,4.90
1763060111.7001486,17.72,19,31,12,0,7,1,4.92
1763060112.7092562,18.73,19,34,15,0,7,1,4.92
1763060113.7145278,19.73,18,35,17,2,8,0,1.25
1763060114.7227306,20.74,18,37,19,2,4,0,1.32
1763060115.7338507,21.75,21,40,19,2,0,0,1.39
1763060116.7361038,22.75,22,41,19,4,0,0,2.65
1763060117.742626,23.76,19,41,22,5,0,0,3.32
1763060118.748312,24.76,13,41,28,5,0,0,3.39
1763060119.7524228,25.77,10,42,32,5,0,0,3.46
1763060120.7664707,26.78,11,44,33,5,0,0,3.52
1763060121.7825382,27.80,10,44,34,6,0,0,4.19
1763060122.7940407,28.81,11,46,35,6,0,0,4.26
1763060123.8064847,29.83,10,46,36,6,0,1,4.27
1763060124.8157213,30.83,10,46,36,6,1,1,4.27
1763060125.825713,31.84,12,48,36,4,1,0,0.66
1763060126.8266895,32.84,11,48,37,0,1,0,0.73
1763060127.8339329,33.85,10,48,38,0,1,0,0.79
1763060128.838855,34.86,11,49,38,2,1,0,0.81
1763060129.8478162,35.87,9,50,41,2,1,0,0.81
1763060130.8564014,36.87,5,50,45,3,0,0,1.86
1763060131.871332,37.89,5,50,45,3,0,0,1.92
1763060132.8828776,38.90,5,50,45,3,0,0,1.99
1763060133.8887982,39.91,5,50,45,3,0,0,2.01
1763060134.8996034,40.92,4,50,46,3,0,0,2.01
1763060135.9097035,41.93,5,51,46,0,0,0,0.05
1763060136.9204712,42.94,5,52,47,0,0,0,0.12
1763060137.9284706,43.94,6,53,47,0,0,0,0.19
1763060138.927837,44.95,6,53,47,2,0,0,0.21
1763060139.9305084,45.95,3,53,50,2,1,0,0.21
1763060140.945819,46.96,5,55,50,2,0,0,1.25
1763060141.9587069,47.97,5,55,50,2,0,0,1.32
1763060142.9654243,48.98,5,55,50,3,0,0,1.98
1763060143.9686706,49.99,5,55,50,3,0,0,2.01
1763060144.9822888,51.00,4,55,51,3,0,0,2.01
1763060145.9940836,52.01,4,55,51,0,0,0,0.04
1763060147.005524,53.02,4,55,51,0,0,1,0.07
1763060148.0124562,54.03,3,55,52,0,0,1,0.07
1763060149.023272,55.04,3,55,52,0,0,0,0.05
1763060150.0234678,56.04,0,55,55,0,0,0,0.11
1763060151.0379918,57.05,1,56,55,0,0,0,0.18
1763060152.0475614,58.07,2,57,55,1,0,0,0.21
1763060153.059959,59.08,2,57,55,1,0,1,0.21
1763060154.0735154,60.09,2,57,55,0,1,0,0.64
1763060155.0883124,61.10,2,57,55,0,1,0,0.71
1763060156.09354,62.11,2,57,55,0,1,0,0.78
1763060157.0961347,63.11,2,57,55,0,1,0,0.81
1763060158.105626,64.12,1,57,56,0,1,1,0.81
1763060159.11027,65.13,2,58,56,0,0,0,0.04
1763060160.1150336,66.13,3,59,56,0,0,0,0.11
1763060161.1190197,67.14,3,59,56,1,0,0,0.78
1763060162.1191485,68.14,3,59,56,1,1,0,0.81
1763060163.1277049,69.15,2,59,57,1,1,0,0.81
1763060164.1352935,70.15,2,59,57,0,1,0,0.64
1763060165.1479023,71.16,2,59,57,0,1,0,0.71
1763060166.16141,72.18,2,59,57,0,1,0,0.77
1763060167.1652393,73.18,2,59,57,0,1,0,0.81
1763060168.1677032,74.19,2,60,58,0,1,0,0.81
1763060169.1784396,75.20,2,60,58,0,0,0,0.03
1763060170.1796687,76.20,2,60,58,1,0,1,0.69
1763060171.1843047,77.20,2,60,58,1,0,1,0.69
1763060172.1979074,78.22,2,60,58,1,0,1,0.01
1763060173.208072,79.23,1,60,59,1,0,2,0.01
1763060174.218946,80.24,1,60,59,1,0,0,0.61
1763060175.2216434,81.24,2,61,59,1,0,0,0.68
1763060176.2249715,82.24,2,61,59,1,0,0,0.74
1763060177.226833,83.25,2,61,59,1,1,0,0.81
1763060178.2369757,84.26,2,61,59,1,1,0,0.81
1763060179.2527666,85.27,2,61,59,0,1,0,0.61
1763060180.2598414,86.28,2,61,59,0,1,1,0.65
1763060181.2710762,87.29,2,61,59,0,1,1,0.65
1763060182.2815292,88.30,2,61,59,0,0,0,0.02
1763060183.2883015,89.30,1,61,60,0,0,0,0.09
1763060184.297978,90.31,2,62,60,0,0,0,0.16
1763060185.2994657,91.32,2,62,60,0,0,0,0.23
1763060186.3081155,92.32,2,62,60,1,0,0,0.89
1763060187.3115277,93.33,3,64,61,1,0,0,0.96
1763060188.3129957,94.33,3,64,61,2,0,0,1.63
1763060189.3297684,95.35,4,65,61,3,0,0,2.30
1763060190.3303208,96.35,6,67,61,3,0,0,2.37
1763060191.3313465,97.35,6,67,61,4,0,0,3.03
1763060192.3395014,98.36,6,67,61,5,0,0,3.70
1763060193.3442416,99.36,7,68,61,6,0,0,4.37
1763060194.3508964,100.37,7,68,61,6,0,0,4.44
1763060195.3578994,101.37,9,70,61,6,0,0,4.50
1763060196.3643415,102.38,11,72,61,6,2,1,4.53
1763060197.374083,103.39,11,72,61,6,3,1,4.53
1763060198.3868334,104.40,12,73,61,6,3,0,1.84
1763060199.3993874,105.42,12,73,61,1,3,0,1.91
1763060200.4113014,106.43,12,73,61,0,3,0,1.98
1763060201.4158235,107.44,12,73,61,1,3,1,2.01
1763060202.424058,108.44,9,73,64,1,3,1,2.01
1763060203.43889,109.45,7,76,69,1,1,0,0.64
1763060204.4459808,110.46,7,76,69,2,1,0,1.31
1763060205.4586942,111.47,8,77,69,2,0,0,1.37
1763060206.4696834,112.49,10,79,69,2,0,1,1.42
1763060207.4806778,113.50,10,79,69,2,2,3,1.42
1763060208.487095,114.50,11,80,69,0,2,0,1.22
1763060209.4881828,115.50,8,80,72,0,3,0,1.89
1763060210.501211,116.52,8,82,74,0,3,1,1.89
1763060211.5086973,117.53,8,82,74,0,3,1,1.89
1763060212.5248592,118.54,6,82,76,1,1,0,0.67
1763060213.5400798,119.56,5,82,77,1,1,0,0.73
1763060214.5418415,120.56,5,82,77,1,0,0,0.80
1763060215.5451977,121.56,5,82,77,1,0,0,0.87
1763060216.5553517,122.57,6,83,77,1,0,0,0.93
1763060217.5659215,123.58,5,84,79,1,0,0,1.00
1763060218.5749395,124.59,6,87,81,1,1,1,1.02
1763060219.5801225,125.60,7,88,81,3,2,1,1.02
1763060220.5898175,126.61,9,90,81,0,2,0,1.25
1763060221.6005123,127.62,10,91,81,0,4,0,2.52
1763060222.6106658,128.63,12,93,81,0,5,0,3.19
1763060223.6232328,129.64,14,95,81,0,6,0,3.85
1763060224.6537087,130.64,13,96,83,0,6,0,3.92
1763060225.6335242,131.65,12,97,85,0,7,0,4.59
1763060226.6383731,132.66,14,99,85,2,7,1,4.61
1763060227.6432269,133.66,17,102,85,3,7,1,4.61
1763060228.6523569,134.67,19,104,85,5,6,0,3.05
1763060229.654075,135.67,20,106,86,5,7,1,3.08
1763060230.6653757,136.68,21,107,86,6,7,1,3.08
1763060231.6753166,137.69,25,113,88,6,7,0,4.24
1763060232.677956,138.69,23,114,91,0,7,0,4.31
1763060233.6854737,139.70,24,117,93,0,8,0,4.97
1763060234.6973588,140.72,26,119,93,2,8,0,5.00
1763060235.7006161,141.72,26,122,96,2,8,0,5.00
1763060236.7066743,142.72,24,125,101,4,8,0,2.44
1763060237.7153747,143.73,24,125,101,5,4,0,3.11
1763060238.7320108,144.75,25,127,102,5,0,0,3.18
1763060239.7411091,145.76,26,128,102,5,0,0,3.25
1763060240.7498927,146.77,24,130,106,5,0,0,3.31
1763060241.7565944,147.78,23,135,112,5,1,1,3.35
1763060242.7576053,148.78,18,135,117,7,2,1,3.35
1763060243.7728353,149.79,16,136,120,7,4,0,2.43
1763060244.7845078,150.80,16,136,120,2,4,0,2.50
1763060245.7979338,151.82,14,136,122,1,4,1,2.53
1763060246.8051252,152.82,14,136,122,1,4,1,2.53
1763060247.8190787,153.83,15,139,124,1,2,0,0.64
1763060248.8266387,154.85,9,139,130,1,0,1,0.67
1763060249.8370967,155.86,7,139,132,3,0,1,0.67
1763060250.846549,156.86,8,140,132,1,0,0,0.04
1763060251.8565717,157.87,5,140,135,0,0,0,0.10
1763060252.8687391,158.88,4,140,136,0,0,0,0.17
1763060253.8725543,159.89,5,141,136,0,0,0,0.21
1763060254.8801444,160.90,5,142,137,0,0,0,0.21
1763060255.8914216,161.91,3,142,139,0,0,0,0.03
1763060256.8889084,162.91,4,143,139,0,2,1,0.09
1763060257.9031131,163.92,3,143,140,0,2,1,0.09
1763060258.9137988,164.93,4,144,140,0,3,0,1.81
1763060259.9227033,165.94,7,147,140,0,3,0,1.88
1763060260.9284337,166.94,7,147,140,0,3,0,1.94
1763060261.9373734,167.96,7,147,140,1,5,0,3.21
1763060262.950563,168.97,7,147,140,1,5,0,3.21
1763060263.958837,169.97,7,147,140,1,3,0,0.60
1763060264.9655735,170.98,8,148,140,1,0,0,0.67
1763060265.9723744,171.99,7,148,141,1,0,0,0.74
1763060266.9857075,173.00,7,148,141,1,1,0,0.81
1763060267.993269,174.01,6,148,142,1,1,0,0.81
1763060269.0049014,175.02,2,148,146,0,1,0,0.60
1763060270.0086315,176.02,2,148,146,0,1,0,0.67
1763060271.012167,177.03,2,148,146,0,1,0,0.74
1763060272.0161872,178.03,2,148,146,0,1,0,0.81
1763060273.0151289,179.03,2,148,146,0,1,0,0.81
1763060274.021371,180.04,1,148,147,0,1,0,0.81
1763060275.0327365,181.05,2,149,147,0,0,0,0.07
1763060276.0439382,182.06,4,151,147,0,0,0,0.13
1763060277.0558789,183.07,5,152,147,0,0,0,0.20
1763060278.0607142,184.08,7,154,147,0,0,0,0.27
1763060279.0757744,185.09,10,158,148,1,0,0,0.94
1763060280.0811553,186.10,13,161,148,1,0,0,1.00
1763060281.0957694,187.11,15,163,148,2,0,0,1.67
1763060282.1023502,188.12,15,165,150,3,0,0,2.34
1763060283.1191719,189.13,15,167,152,3,0,0,2.41
1763060284.1249924,190.14,15,167,152,3,0,0,2.48
1763060285.1405225,191.16,17,171,154,4,0,0,3.14
1763060286.1478322,192.16,15,172,157,4,0,0,3.21
1763060287.149802,193.17,13,172,159,5,0,0,3.88
1763060288.164853,194.18,11,172,161,6,0,0,4.54
1763060289.1785083,195.19,11,175,164,6,0,0,4.61
1763060290.189238,196.20,13,177,164,6,0,0,4.68
1763060291.1960623,197.21,14,178,164,7,2,0,5.29
1763060292.2036366,198.22,12,178,166,7,4,0,5.29
1763060293.2135448,199.23,12,178,166,5,4,0,2.45
1763060294.2221656,200.24,13,179,166,0,4,0,2.52
1763060295.2298727,201.25,14,180,166,0,5,0,3.19
1763060296.2384253,202.25,15,181,166,0,5,0,3.26
1763060297.2399483,203.26,13,182,169,0,5,0,3.33
1763060298.2533975,204.27,11,185,174,0,5,0,3.39
1763060299.2588253,205.27,12,186,174,0,6,0,4.06
1763060300.2590632,206.28,13,187,174,3,6,1,4.12
1763060301.2751923,207.29,17,192,175,4,6,1,4.12
1763060302.2865577,208.30,18,193,175,4,5,0,2.41
1763060303.3030567,209.32,19,195,176,5,5,0,3.08
1763060304.32039,210.34,19,195,176,5,0,0,3.15
1763060305.3232868,211.34,20,196,176,5,2,0,3.21
1763060306.3400416,212.36,21,197,176,6,2,0,3.21
1763060307.3610733,213.38,17,198,181,4,2,0,1.21
1763060308.3656392,214.38,12,199,187,1,2,0,1.28
1763060309.380696,215.40,12,200,188,0,2,0,1.35
1763060310.380966,216.40,14,202,188,0,3,0,2.01
1763060311.3897147,217.41,14,203,189,0,4,0,2.01
1763060312.3979495,218.41,11,204,193,0,4,0,0.01
1763060313.4010427,219.42,10,205,195,0,4,1,0.05
1763060314.4136147,220.43,11,207,196,1,4,1,0.05
1763060315.4302757,221.45,11,207,196,0,4,0,2.42
1763060316.4411974,222.46,12,208,196,0,6,0,3.69
1763060317.453261,223.47,10,209,199,0,6,0,3.76
1763060318.4530916,224.47,11,210,199,2,6,0,3.81
1763060319.4687529,225.49,10,210,200,3,6,0,3.81
1763060320.4802878,226.50,9,210,201,3,4,0,1.82
1763060321.4849043,227.50,11,212,201,3,0,0,1.89
1763060322.4998252,228.52,12,213,201,4,0,0,2.56
1763060323.5062056,229.52,13,214,201,5,0,0,3.21
1763060324.514435,230.53,13,216,203,5,1,0,3.21
1763060325.5337965,231.55,10,217,207,4,2,0,1.22
1763060326.5472617,232.56,11,218,207,1,2,0,1.29
1763060327.5610404,233.58,11,218,207,0,2,0,1.35
1763060328.5651255,234.58,13,220,207,1,3,0,2.01
1763060329.573162,235.59,14,222,208,2,3,0,2.01
1763060330.5800374,236.60,10,223,213,2,3,0,1.22
1763060331.5811248,237.60,9,223,214,2,1,0,1.28
1763060332.5889199,238.60,10,224,214,3,0,0,1.95
1763060333.5947273,239.61,12,226,214,3,1,0,2.01
1763060334.6017845,240.62,13,227,214,3,1,0,2.01
1763060335.6143491,241.63,10,229,219,0,2,0,1.21
1763060336.6180027,242.63,11,231,220,0,5,0,3.08
1763060337.622619,243.64,11,231,220,0,5,0,3.15
1763060338.62528,244.64,11,231,220,1,6,0,3.81
1763060339.6305518,245.65,12,233,221,1,6,0,3.81
1763060340.638938,246.65,11,235,224,1,4,0,0.61
1763060341.6456292,247.66,12,236,224,2,1,0,1.28
1763060342.6583078,248.67,14,238,224,2,0,0,1.34
1763060343.6592228,249.68,14,238,224,3,1,0,2.01
1763060344.6648505,250.68,15,239,224,4,1,0,2.01
1763060345.6834373,251.70,10,239,229,1,1,0,0.60
1763060346.6859133,252.70,9,241,232,0,2,0,1.27
1763060347.6880844,253.70,8,241,233,0,2,0,1.34
1763060348.6905234,254.71,8,241,233,0,3,0,2.01
1763060349.6939745,255.71,9,242,233,1,3,0,2.01
1763060350.7011113,256.72,6,243,237,1,3,0,2.01
1763060351.7142146,257.73,8,245,237,1,0,0,0.67
1763060352.7260754,258.74,8,245,237,1,0,0,0.74
1763060445.1828022,1.01,0,0,0,0,0,0,0.07
1763060446.1918566,2.02,2,2,0,0,0,0,0.13
1763060447.1987593,3.02,4,4,0,0,0,0,0.20
1763060448.209481,4.04,4,4,0,3,0,0,2.07
1763060660.731425,1.01,3,3,0,0,0,0,0.07
1763060661.7364252,2.02,3,3,0,0,0,0,0.13
1763060662.744395,3.03,6,6,0,0,0,0,0.20
1763060663.7535784,4.03,8,8,0,0,0,0,0.27
1763060664.7678242,5.05,9,9,0,1,0,0,0.94
1763060665.7780492,6.06,9,9,0,1,0,0,1.01
1763060666.7876496,7.07,10,10,0,1,0,0,1.07
1763060667.799534,8.08,8,11,3,1,0,0,1.14
1763060668.8062444,9.09,10,14,4,1,0,0,1.21
1763060669.8073432,10.09,13,18,5,1,0,0,1.28
1763060670.812848,11.09,12,19,7,1,0,0,1.34
1763060671.8276322,12.11,12,20,8,4,0,0,3.21
1763060672.8383324,13.12,15,23,8,4,0,0,3.28
1763060673.8464434,14.13,16,25,9,6,0,0,4.55
1763060674.8492084,15.13,17,28,11,6,0,0,4.62
1763060675.850048,16.13,18,31,13,7,2,0,5.23
1763060676.8529866,17.14,19,33,14,7,4,0,5.23
1763060677.8625078,18.14,19,34,15,7,6,0,3.66
1763060678.8652608,19.15,19,34,15,2,7,0,4.32
1763060679.8703487,20.15,19,34,15,0,7,0,4.39
1763060680.8758771,21.16,22,37,15,0,7,0,4.46
1763060681.8924744,22.17,20,38,18,0,7,0,4.52
1763060682.8993082,23.18,15,39,24,0,7,0,4.59
1763060683.9148169,24.20,13,39,26,0,7,0,4.66
1763060684.926859,25.21,14,41,27,0,7,0,4.73
1763060685.9272504,26.21,14,41,27,0,7,0,4.79
1763060686.9443676,27.23,17,44,27,0,7,0,4.86
1763060687.9551506,28.24,16,46,30,2,7,1,4.92
1763060688.957241,29.24,17,47,30,3,7,1,4.92
1763060689.9615169,30.24,18,49,31,3,5,0,1.80
1763060690.9628642,31.24,19,50,31,4,6,0,2.47
1763060691.9749048,32.26,22,56,34,5,0,0,3.14
1763060692.9750512,33.26,25,59,34,6,0,0,3.81
1763060877.512814,1.01,1,1,0,0,0,1,0.00
1763060878.5201433,2.02,1,1,0,0,0,1,0.00
1763060879.5302625,3.03,2,2,0,0,0,0,0.07
1763060880.545657,4.04,2,2,0,0,1,0,0.73
1763060881.5567355,5.05,5,5,0,0,1,0,0.80
1763060882.5683634,6.07,5,5,0,0,2,0,1.47
1763060883.5728624,7.07,7,7,0,0,3,0,2.14
1763060884.5820606,8.08,7,8,1,0,5,0,3.41
1763060885.591249,9.09,7,8,1,0,6,0,4.07
1763060886.605081,10.10,7,8,1,0,6,0,4.14
1763060887.621137,11.12,7,8,1,0,6,0,4.21
1763060888.6248543,12.12,7,9,2,0,6,0,4.28
1763061040.6562066,1.02,0,0,0,0,0,0,0.07
1763061041.8699977,2.23,2,2,0,0,0,0,0.09
1763061042.87848,3.24,6,6,0,0,0,0,0.16
1763061043.8857803,4.25,7,7,0,3,1,0,0.81
1763061044.8973706,5.26,7,7,0,4,2,0,0.81
1763061045.9074485,6.27,7,7,0,3,2,0,1.22
1763061046.9185927,7.28,8,8,0,1,2,0,1.29
1763061047.9251535,8.28,9,9,0,0,2,0,1.36
1763061048.9250562,9.29,9,9,0,0,3,0,2.01
1763061049.9330442,10.30,11,12,1,0,4,0,2.01
1763061050.9449887,11.30,8,13,5,0,3,0,0.02
1763061051.9575646,12.32,9,14,5,1,1,0,0.68
1763061052.9591336,13.32,11,16,5,3,0,0,1.95
1763061053.9703414,14.33,13,18,5,4,0,0,2.01
1763061054.9794655,15.34,16,22,6,5,1,0,2.01
1763061055.9993682,16.36,12,22,10,5,1,0,0.61
1763061057.0095131,17.37,13,24,11,2,2,0,1.28
1763061058.0190532,18.38,14,25,11,0,2,0,1.35
1763061059.0177665,19.38,17,28,11,0,3,0,2.01
1763061060.0299213,20.39,20,31,11,1,4,0,2.01
1763061061.0409744,21.40,15,31,16,2,4,0,1.21
1763061062.0420985,22.40,12,32,20,3,1,0,1.88
1763061063.047047,23.41,14,34,20,3,0,0,1.94
1763061064.0465078,24.41,14,34,20,3,2,0,2.01
1763061065.0545623,25.42,17,37,20,4,2,0,2.01
1763061066.0625315,26.42,12,37,25,2,3,0,1.81
1763061067.0721717,27.43,10,38,28,0,4,0,2.47
1763061068.085262,28.44,14,45,31,0,4,0,2.54
1763061069.083374,29.45,15,46,31,1,5,0,3.21
1763061070.091871,30.45,16,47,31,3,6,0,3.21
1763061071.1046185,31.46,13,48,35,3,5,0,1.80
1763061072.1084774,32.47,12,48,36,4,2,0,2.47
1763061073.1095161,33.47,12,48,36,4,0,0,2.54
1763061074.1192608,34.48,12,48,36,4,0,0,2.60
1763061075.1227236,35.48,14,50,36,4,0,0,2.67
1763061076.131994,36.49,9,50,41,5,0,0,3.34
1763061077.142427,37.50,8,51,43,6,0,0,4.01
1763061078.1506085,38.51,7,51,44,6,0,0,4.08
1763061079.161184,39.52,7,51,44,6,0,0,4.14
1763061080.1678276,40.53,7,51,44,6,0,0,4.21
1763061081.170151,41.53,9,53,44,6,0,0,4.28
1763061082.1806788,42.54,12,56,44,7,0,0,4.94
1763061083.188167,43.55,13,57,44,7,1,0,4.95
1763061084.189706,44.55,13,58,45,7,3,0,4.95
1763061085.2077699,45.57,13,58,45,6,3,0,1.86
1763061086.2130413,46.57,13,58,45,0,3,0,1.92
1763061087.22369,47.58,13,58,45,0,3,0,1.99
1763061123.7187817,1.01,1,1,0,0,0,0,0.07
1763061124.7226038,2.01,3,3,0,0,0,0,0.13
1763061125.726798,3.02,5,5,0,2,0,0,1.40
1763061126.728082,4.02,6,6,0,2,0,0,1.47
1763061127.7431753,5.04,10,10,0,3,0,0,2.14
1763061128.756692,6.05,11,11,0,5,0,0,3.41
1763061129.7609103,7.05,11,11,0,6,0,0,4.07
1763061130.7681723,8.06,14,14,0,6,0,0,4.14
1763061131.7846322,9.08,15,16,1,6,0,0,4.21
1763061132.7953792,10.09,15,17,2,6,0,0,4.28
1763061133.7978542,11.09,15,18,3,6,0,0,4.35
1763061134.8072617,12.10,14,18,4,6,0,0,4.41
1763061135.8149157,13.11,16,21,5,6,0,0,4.48
1763061136.8208482,14.12,18,23,5,7,1,0,5.13
1763061137.8274405,15.12,20,27,7,7,2,0,5.13
1763061138.841183,16.13,18,27,9,5,5,0,3.02
1763061139.8491027,17.14,21,31,10,4,5,0,3.09
1763061140.8620195,18.15,21,32,11,0,5,0,3.16
1763061141.8622801,19.15,21,32,11,0,7,0,4.42
1763061142.8690596,20.16,21,33,12,0,7,0,4.49
1763061143.8731203,21.16,18,36,18,0,7,0,4.56
1763061144.8869286,22.18,15,37,22,0,7,0,4.63
1763061145.899396,23.19,16,38,22,0,7,0,4.69
1763061146.9044158,24.20,15,39,24,3,7,1,4.71
1763061147.9166718,25.21,15,39,24,4,7,1,4.71
1763061148.9304268,26.22,16,40,24,4,8,0,2.45
1763061149.944895,27.24,18,42,24,4,2,0,2.52
1763061150.955082,28.25,18,42,24,5,0,0,3.18
1763061151.969534,29.26,19,43,24,6,0,0,3.85
1763061152.979996,30.27,17,44,27,7,0,0,4.52
1763061153.9824407,31.27,12,45,33,7,0,0,4.59
1763061154.993512,32.28,12,47,35,7,0,0,4.66
1763061156.0017407,33.29,15,50,35,7,0,0,4.72
1763061157.010299,34.30,18,54,36,7,0,0,4.79
1763061158.0215118,35.31,18,54,36,7,0,0,4.86
1763061159.0217698,36.31,19,55,36,7,0,0,4.93
1763061160.0272837,37.32,20,57,37,7,0,0,4.99
1763061161.030625,38.32,22,60,38,7,0,0,5.00
1763061162.0326803,39.33,24,62,38,7,0,0,5.00
1763061163.0368955,40.33,25,65,40,8,2,0,1.26
1763061164.0351868,41.33,24,65,41,8,4,1,2.51
1763061165.0520942,42.35,28,69,41,8,5,1,2.51
1763061166.0609143,43.35,28,69,41,8,3,0,4.82
1763061167.0729504,44.36,26,72,46,8,4,0,4.89
1763061168.0862677,45.38,26,76,50,8,4,0,4.96
1763061169.092619,46.39,26,76,50,8,4,0,5.00
1763061170.1039214,47.40,28,78,50,8,5,0,5.00
1763061171.113031,48.40,30,80,50,8,5,0,3.03
1763061172.118106,49.41,30,83,53,8,5,0,3.10
1763061173.1304097,50.42,28,83,55,4,8,0,4.96
1763061174.1354594,51.43,32,88,56,1,8,0,5.00
1763061175.1474712,52.44,31,90,59,1,8,0,5.00
1763061176.1589155,53.45,25,91,66,2,8,1,5.00
1763061177.1697516,54.46,21,93,72,3,8,1,5.00
1763061178.1872997,55.48,21,96,75,0,8,0,4.83
1763061179.203161,56.49,23,98,75,0,8,0,4.90
1763061180.2160094,57.51,25,100,75,0,8,0,4.97
1763061181.2215586,58.52,27,102,75,4,8,1,5.00
1763061182.2304437,59.52,29,104,75,4,8,1,5.00
1763061183.2335029,60.52,28,104,76,5,7,0,3.04
1763061184.233608,61.52,26,106,80,6,8,0,3.70
1763061185.2366738,62.53,27,107,80,6,3,0,3.77
1763061186.2491195,63.54,28,108,80,7,0,0,4.44
1763061187.2573023,64.55,26,110,84,8,2,0,5.06
1763061188.269865,65.56,21,111,90,8,3,0,5.06
1763061189.280563,66.57,16,112,96,5,5,0,3.05
1763061190.280981,67.57,15,112,97,0,6,0,3.72
1763061191.2896774,68.58,16,113,97,0,6,0,3.79
1763061243.7694788,1.00,1,1,0,0,0,0,0.07
1763061244.7746553,2.01,1,1,0,1,0,0,0.73
1763061245.7821345,3.02,1,1,0,1,0,0,0.80
1763061246.7826357,4.02,1,1,0,1,0,0,0.87
1763061247.7898448,5.02,1,1,0,1,0,0,0.94
1763061248.7951531,6.03,1,1,0,1,0,0,1.00
1763061249.801749,7.04,1,1,0,1,0,0,1.07
1763061250.8122642,8.05,1,1,0,1,0,0,1.14
1763061251.8215325,9.06,2,2,0,1,0,1,1.15
1763061252.8361828,10.07,2,2,0,1,0,1,1.15
1763061253.8401003,11.07,3,3,0,0,1,0,0.65
1763061254.8500557,12.08,4,4,0,0,1,0,0.72
1763061255.8572948,13.09,5,5,0,0,2,0,1.39
1763061256.8630512,14.10,6,6,0,0,2,0,1.46
1763061257.8683717,15.10,7,8,1,0,2,0,1.52
1763061258.8763413,16.11,7,8,1,0,2,0,1.59
1763061259.886356,17.12,7,8,1,1,3,1,2.24
1763061260.8913004,18.13,10,12,2,1,3,1,2.24
1763061261.8966906,19.13,10,13,3,2,1,0,1.22
1763061262.9022143,20.14,11,14,3,3,0,0,1.89
1763061263.911505,21.15,11,15,4,4,0,0,2.56
1763061264.9249804,22.16,13,17,4,5,0,0,3.23
1763061265.9259388,23.16,13,18,5,5,1,1,3.27
1763061266.9290783,24.17,10,18,8,6,3,1,3.27
1763061267.9369493,25.17,11,21,10,4,3,0,1.83
1763061268.9390066,26.17,12,22,10,0,3,0,1.90
1763061269.9404476,27.17,13,23,10,0,3,0,1.96
1763061270.942237,28.18,14,24,10,0,4,0,2.63
1763061271.945271,29.18,13,24,11,0,4,0,2.70
1763061272.9500194,30.18,9,25,16,0,4,0,2.77
1763061273.956266,31.19,10,26,16,0,4,0,2.84
1763061274.9667177,32.20,8,26,18,0,4,0,2.90
1763061275.9678752,33.20,7,26,19,0,4,0,2.97
1763061341.0220592,1.01,1,1,0,0,0,0,0.07
1763061342.0355062,2.03,5,5,0,0,0,0,0.13
1763061343.0451324,3.04,7,7,0,1,0,0,0.80
1763061344.0572739,4.05,8,8,0,4,0,0,2.67
1763061345.0653822,5.06,9,9,0,5,0,0,3.34
1763061346.0676742,6.06,10,10,0,6,0,0,4.00
1763064723.2621126,1.01,1,1,0,0,0,0,0.07
1763064724.2676568,2.01,2,2,0,1,0,0,0.73
1763064725.285074,3.03,3,3,0,1,0,0,0.80
1763064726.2961133,4.04,4,4,0,2,0,0,1.47
1763064727.301203,5.05,5,5,0,4,0,0,2.74
1763064728.3050516,6.05,7,7,0,4,0,1,2.74
1763064729.3111315,7.06,8,8,0,5,0,1,2.74
1763064730.328334,8.07,8,8,0,1,2,0,1.27
1763064731.345093,9.09,10,10,0,0,2,0,1.33
1763064732.350142,10.10,12,12,0,1,2,1,1.35
1763064733.3623478,11.11,13,13,0,1,4,1,1.35
1763064734.3719301,12.12,12,16,4,1,1,0,0.65
1763064735.3892589,13.13,11,17,6,3,0,0,1.92
1763064794.285401,1.01,2,2,0,0,0,0,0.07
1763064795.2876947,2.01,4,4,0,1,0,0,0.73
1763064796.2884505,3.02,4,4,0,2,1,1,0.78
1763064797.2950726,4.02,4,4,0,2,2,1,0.78
1763064798.300327,5.02,4,4,0,0,2,0,1.22
1763064799.315463,6.04,6,6,0,0,2,0,1.29
1763064800.3183267,7.04,6,6,0,0,2,0,1.36
1763064801.3277225,8.05,7,7,0,0,2,0,1.43
1763064802.3457625,9.07,7,8,1,0,2,0,1.49
1763064803.3622801,10.09,6,8,2,0,4,0,2.76
1763064804.3656645,11.09,6,8,2,0,4,0,2.83
1763064805.3716815,12.09,5,8,3,0,4,0,2.90
1763064806.3721259,13.10,4,8,4,0,4,0,2.96
1763064807.3706436,14.10,4,8,4,0,4,1,2.99
1763064808.3812604,15.11,5,9,4,0,4,1,2.99
1763064809.3853595,16.11,5,9,4,0,2,0,0.04
1763064810.4002752,17.12,6,10,4,1,0,0,0.71
1763065061.0933228,1.00,0,0,0,0,0,0,0.07
1763065062.0950387,2.00,0,0,0,0,0,0,0.13
1763065063.0992172,3.01,0,0,0,0,0,0,0.20
1763065064.1020968,4.02,0,0,0,0,0,0,0.21
1763065065.103984,5.02,1,1,0,0,0,0,0.21
1763065066.1101637,6.02,1,1,0,0,1,0,0.66
1763065067.1128714,7.03,1,1,0,0,1,1,0.72
1763065068.1208422,8.04,1,1,0,0,1,2,0.72
1763065069.1394901,9.05,2,2,0,0,0,0,0.01
1763065070.1402626,10.05,2,2,0,1,0,0,0.68
1763065071.1483295,11.06,2,2,0,1,0,0,0.75
1763065072.1601543,12.07,4,4,0,1,0,0,0.81
1763065073.171232,13.08,4,4,0,1,0,0,0.81
1763065074.1867194,14.10,3,4,1,0,1,0,0.61
1763065075.1962364,15.11,4,5,1,0,1,0,0.68
1763065076.226662,16.14,4,5,1,0,1,0,0.74
1763065077.2390113,17.15,4,5,1,1,1,0,0.81
1763065078.250588,18.16,4,5,1,1,1,0,0.81
1763065079.263562,19.17,2,5,3,1,0,0,0.61
1763065080.273654,20.18,2,5,3,1,0,0,0.67
1763065081.2824132,21.19,2,5,3,1,0,0,0.74
1763065082.2901118,22.20,2,5,3,1,0,0,0.81
1763065083.296425,23.21,2,5,3,1,0,0,0.81
1763065084.3138187,24.22,1,5,4,0,0,0,0.00
1763065085.3266137,25.24,1,5,4,0,0,0,0.07
1763065086.3374078,26.25,1,5,4,0,0,0,0.14
1763065087.3440754,27.25,1,5,4,0,0,0,0.21
1763065088.3529396,28.27,1,5,4,0,0,0,0.21
1763065089.363397,29.28,0,5,5,0,0,0,0.21
1763065090.3840704,30.29,0,5,5,0,0,0,0.07
1763065091.400034,31.31,1,6,5,0,0,0,0.14
1763065092.4079537,32.32,2,7,5,1,0,0,0.80
1763065093.4119616,33.32,3,8,5,1,0,0,0.87
1763065094.4255867,34.33,3,8,5,2,0,0,1.54
1763065095.4235427,35.34,4,9,5,2,1,1,1.56
1763065096.4392307,36.35,7,12,5,2,1,1,1.56
1763065097.4429839,37.35,7,12,5,0,2,0,1.25
1763065098.4453502,38.36,7,12,5,0,3,0,1.92
1763065099.4468837,39.36,7,12,5,0,3,1,1.99
1763065562.640795,7.58,3,3,0,0,0,0,0.01
1763065563.631338,8.58,6,8,2,0,0,0,0.07
1763065564.6352572,9.58,7,9,2,2,0,0,1.34
1763065565.6492512,10.60,11,13,2,3,0,0,2.01
1763065566.6560538,11.61,13,15,2,4,0,0,2.67
1763065567.6644354,12.61,14,16,2,6,0,0,3.94
1763065568.6762927,13.63,17,19,2,6,0,0,4.01
1763065569.685857,14.63,16,20,4,6,0,0,4.08
1763065571.52294,16.47,18,23,5,7,0,0,4.72
1763065572.8873572,17.84,19,24,5,7,0,0,4.76
1763065573.8973382,18.85,20,25,5,7,0,0,4.83
1763065574.901922,19.85,20,27,7,7,0,0,4.90
1763065575.9047549,20.85,20,28,8,7,0,0,4.96
1763065576.9144428,21.87,20,30,10,7,2,0,5.00
1763065577.924382,22.88,22,34,12,7,2,0,5.00
1763065578.94348,23.89,25,38,13,7,3,0,1.83
1763065579.9513917,24.90,26,41,15,8,5,0,3.10
1763065580.9610252,25.91,26,42,16,4,6,0,3.77
1763065581.9679892,26.92,30,46,16,0,6,0,3.83
1763065582.9743268,27.92,32,49,17,0,7,0,4.50
1763065583.980584,28.93,29,52,23,0,7,0,4.57
1763065584.9814122,29.93,26,56,30,0,7,0,4.64
1763065585.9860625,30.94,22,56,34,0,7,0,4.70
1763065586.9915295,31.94,24,59,35,0,7,0,4.77
1763065588.000384,32.95,24,60,36,0,7,0,4.84
1763065589.0009835,33.95,25,64,39,1,7,1,4.89
1763065590.0049794,34.96,24,65,41,2,7,2,4.89
1763065591.01146,35.96,26,68,42,5,5,0,3.01
1763065592.020843,36.97,26,70,44,5,8,1,3.06
1763065593.0211184,37.97,27,71,44,7,8,2,3.06
1763065594.037056,38.99,29,73,44,5,8,0,4.82
1763065595.0416257,39.99,29,74,45,4,8,0,4.89
1763065596.0517836,41.00,28,75,47,0,8,0,4.96
1763065597.0516357,42.00,28,75,47,1,8,1,4.96
1763065598.0551884,43.01,28,77,49,1,8,1,4.96
1763065599.0583565,44.01,23,79,56,1,8,0,0.67
1763065600.063306,45.01,24,82,58,2,8,0,1.33
1763065601.0773232,46.03,24,82,58,4,4,0,2.60
1763065602.0923824,47.04,24,82,58,4,0,0,2.67
1763065603.0936325,48.04,23,83,60,4,0,0,2.74
1763065604.1038923,49.05,20,86,66,4,0,0,2.80
1763065605.1131747,50.07,15,87,72,4,2,1,2.87
1763065606.1237173,51.08,12,88,76,5,3,1,2.87
1763065607.1388037,52.09,10,88,78,3,4,0,2.40
1763065608.1522338,53.10,12,90,78,1,4,0,2.47
1763065609.1491969,54.10,13,91,78,2,4,1,2.49
1763065610.1494687,55.10,15,93,78,2,5,1,2.49
1763065611.1575575,56.11,17,95,78,3,2,0,1.84
1763065612.1676826,57.12,14,96,82,4,0,0,2.51
1763065613.1797564,58.13,14,97,83,6,0,0,3.78
1763065614.1906667,59.14,16,99,83,7,0,0,4.45
1763065615.1931853,60.15,12,99,87,7,0,1,4.50
1763065616.2002392,61.15,10,99,89,7,1,1,4.50
1763065617.2151,62.17,11,100,89,5,1,0,0.61
1763065618.222909,63.18,10,100,90,7,1,1,0.62
1763065619.232471,64.19,11,101,90,8,1,1,0.62
1763065620.240629,65.19,12,102,90,8,0,0,4.86
1763065621.2480605,66.20,12,102,90,8,0,0,4.93
1763065622.2490165,67.20,12,103,91,8,0,0,4.99
1763065623.247147,68.20,12,103,91,8,0,0,5.00
1763065624.2623668,69.22,11,103,92,8,0,0,5.00
1763065625.2665727,70.22,11,104,93,6,0,0,0.06
1763065626.2760336,71.23,12,105,93,0,0,0,0.13
1763065627.2913547,72.24,12,105,93,0,0,0,0.20
1763065628.301745,73.26,12,105,93,2,0,0,0.21
1763065629.31595,74.27,7,106,99,2,0,0,0.21
1763065630.3213358,75.27,3,106,103,2,0,0,1.26
1763065631.3245795,76.28,3,106,103,2,0,0,1.33
1763065632.3391519,77.29,3,106,103,2,0,0,1.40
1763065633.3507712,78.30,3,106,103,2,0,0,1.41
1763065634.3588018,79.31,3,106,103,2,0,0,1.41
1763065635.3640785,80.31,3,107,104,0,0,0,0.06
1763065636.369605,81.32,3,107,104,0,0,0,0.13
1763065637.381683,82.33,3,107,104,0,1,0,0.80
1763065638.3861945,83.34,3,107,104,0,1,0,0.81
1763065639.3883743,84.34,2,107,105,0,1,0,0.81
1763065640.3940973,85.34,1,107,106,0,0,0,0.05
1763065641.410905,86.36,1,107,106,0,0,0,0.12
1763065642.425895,87.38,1,107,106,0,0,0,0.19
1763065643.4283862,88.38,2,108,106,0,0,0,0.21
1763065644.443823,89.40,1,108,107,0,0,0,0.21
1763065645.4615338,90.41,1,108,107,0,1,0,0.65
1763065646.4684813,91.42,1,108,107,0,1,0,0.72
1763065647.4786015,92.43,2,109,107,0,1,1,0.75
1763065648.4841108,93.44,2,109,107,0,2,1,0.75
1763065649.5015547,94.45,3,110,107,0,0,0,0.04
1763065650.5167441,95.47,4,111,107,0,0,0,0.11
1763065651.520619,96.47,5,112,107,0,0,0,0.17
1763065652.5223022,97.47,5,112,107,0,0,0,0.24
1763065653.530058,98.48,4,112,108,0,0,0,0.31
1763065654.5381863,99.49,4,113,109,0,0,0,0.38
1763065655.542049,100.49,4,113,109,0,0,0,0.44
1763065656.5581725,101.51,2,113,111,0,0,0,0.51
1763065657.5685422,102.52,2,113,111,0,0,0,0.58
1763065658.5743272,103.52,1,113,112,0,0,0,0.65
1763065659.5801609,104.53,2,114,112,0,0,0,0.72
1763065660.584113,105.53,1,114,113,0,0,0,0.79
1763065661.5884988,106.54,2,115,113,1,0,0,1.45
1763065662.58976,107.54,3,116,113,1,0,0,1.52
1763065663.5930567,108.55,5,118,113,1,1,1,1.56
1763065664.5960784,109.55,5,118,113,2,1,1,1.56
1763065665.6061203,110.56,6,119,113,0,3,0,1.83
1763065666.6200824,111.57,6,119,113,0,3,0,1.90
1763065667.6205306,112.57,7,120,113,0,4,0,2.57
1763065668.6213293,113.57,7,120,113,0,4,0,2.64
1763065669.6251123,114.57,7,120,113,0,4,0,2.70
1763065670.6373491,115.59,6,120,114,0,4,0,2.77
1763065671.6440308,116.60,6,121,115,0,4,1,2.78
1763065672.6570365,117.61,8,123,115,1,4,1,2.78
1763065673.6675544,118.62,9,124,115,1,1,0,0.66
1763065674.6805174,119.63,9,125,116,2,0,0,1.33
1763065675.6879578,120.64,10,126,116,2,0,0,1.40
1763065676.7018414,121.65,13,130,117,2,0,0,1.46
1763065677.70165,122.65,11,131,120,3,0,0,2.13
1763065678.7173645,123.67,11,133,122,4,0,0,2.80
1763065679.7217834,124.67,13,135,122,4,0,0,2.87
1763065680.720781,125.67,13,136,123,6,0,0,4.13
1763065681.724009,126.67,13,137,124,7,0,0,4.80
1763065682.7368839,127.69,14,139,125,7,0,0,4.87
1763065683.7460492,128.70,17,143,126,7,0,0,4.93
1763065684.7457252,129.70,17,144,127,7,1,0,5.00
1763065685.756184,130.71,20,147,127,7,3,0,5.00
1763065686.761711,131.71,20,147,127,5,5,0,3.00
1763065687.7688277,132.72,22,150,128,8,5,0,3.07
1763065688.7762697,133.73,25,153,128,3,6,0,3.74
1763065689.7797022,134.73,25,153,128,2,6,1,3.78
1763066479.2772107,1.00,1,1,0,0,0,0,0.07
1763066480.2930253,2.02,1,1,0,0,0,0,0.13
1763066481.2939901,3.02,3,3,0,1,0,0,0.80
1763066482.2989173,4.02,5,5,0,1,0,0,0.87
1763066483.3064022,5.03,6,6,0,2,0,0,1.53
1763066484.3066745,6.03,7,7,0,3,0,0,2.20
1763066485.3197365,7.05,10,10,0,5,0,0,3.47
1763066486.3346663,8.06,13,14,1,5,0,0,3.54
1763066487.3412056,9.07,14,15,1,6,0,0,4.20
1763066488.3545053,10.08,12,15,3,7,0,0,4.87
1763066489.3696287,11.09,13,16,3,7,0,0,4.94
1763066490.3776407,12.11,15,18,3,7,0,0,5.00
1763066491.380789,13.11,16,19,3,7,2,0,5.00
1763066492.3960288,14.12,15,19,4,5,3,0,1.81
1763066493.406609,15.13,16,21,5,4,4,0,2.47
1763066494.4120617,16.14,15,21,6,0,5,0,3.14
1763066555.1990647,1.01,0,0,0,0,0,0,0.07
1763066556.2047384,2.01,0,0,0,0,0,0,0.13
1763066558.222471,4.03,1,1,0,1,0,0,0.87
1763066559.2282903,5.04,3,3,0,1,0,0,0.94
1763066561.0065243,6.82,6,6,0,2,0,0,1.61
1763066562.0148785,7.82,7,7,0,4,0,0,2.87
1763066563.0252767,8.83,9,10,1,5,0,0,3.54
1763066564.0405664,9.85,10,11,1,6,0,0,4.21
1763066565.0522742,10.86,11,12,1,7,0,0,4.88
1763066566.0685318,11.88,12,13,1,7,0,0,4.94
1763066567.0761797,12.89,13,14,1,7,1,0,5.00
1763066568.0911264,13.90,12,14,2,7,1,0,5.00
1763066569.1076965,14.92,13,15,2,5,1,0,0.61
1763066570.1226604,15.93,13,15,2,6,1,0,0.68
1763066571.1360438,16.94,13,15,2,0,1,0,0.75
1763066572.1348112,17.95,16,19,3,1,1,1,0.75
1763066573.3617315,19.17,17,20,3,1,3,1,0.75
1763066581.1922338,1.00,2,2,0,0,0,0,0.07
1763066582.2022917,2.01,4,4,0,0,0,0,0.13
1763067171.7738004,1.01,0,0,0,0,0,0,0.07
1763067172.7783575,2.02,0,0,0,0,0,0,0.13
1763067173.7910914,3.03,0,0,0,0,0,0,0.20
1763067174.8042996,4.05,0,0,0,0,0,0,0.21
1763067175.8157976,5.06,0,0,0,0,0,0,0.21
1763067176.831997,6.07,1,1,0,0,0,0,0.06
1763067177.843125,7.08,1,1,0,0,0,0,0.13
1763067178.8553376,8.09,2,2,0,0,1,0,0.80
1763067179.8546064,9.10,2,2,0,0,2,0,0.81
1763067180.865371,10.11,2,2,0,0,2,0,0.81
1763067181.8799672,11.12,3,3,0,0,0,0,0.06
1763067182.8950183,12.13,3,3,0,1,0,0,0.73
1763067183.9101734,13.15,3,3,0,1,0,0,0.80
1763067184.9136286,14.15,4,4,0,1,0,0,0.81
1763067185.9221764,15.16,2,4,2,1,0,0,0.81
1763067186.9298594,16.17,3,5,2,2,0,1,0.04
1763067187.9356525,17.18,3,5,2,2,0,1,0.04
1763067188.9487154,18.19,3,5,2,3,0,0,1.82
1763067189.9645684,19.20,3,5,2,3,0,0,1.89
1763067190.9681218,20.21,3,5,2,3,0,0,1.96
1763067191.968749,21.21,4,6,2,3,0,0,2.01
1763067192.9772875,22.22,5,7,2,3,1,0,2.01
1763067193.990215,23.23,5,7,2,0,1,0,0.62
1763067194.998835,24.24,5,7,2,0,1,0,0.69
1763067196.006883,25.24,5,7,2,0,1,0,0.76
1763067197.0129535,26.25,5,7,2,0,1,0,0.81
1763067198.017402,27.26,4,8,4,0,1,0,0.81
1763067199.036219,28.27,4,9,5,0,0,0,0.02
1763067425.22537,1.01,0,0,0,0,0,1,0.04
1763067426.2323701,2.01,0,0,0,0,0,1,0.04
1763067427.2422225,3.02,1,1,0,0,0,0,0.03
1763067428.2594802,4.04,1,1,0,0,0,0,0.10
1763067429.2697675,5.05,1,1,0,0,0,0,0.17
1763067430.2729962,6.05,1,1,0,0,0,0,0.24
1763067431.2763844,7.05,1,1,0,0,0,0,0.30
1763067432.291801,8.07,4,4,0,0,0,0,0.37
1763067433.2995527,9.08,4,4,0,0,1,1,0.39
1763067434.3086612,10.09,3,4,1,1,2,1,0.39
1763067435.317735,11.10,3,4,1,1,1,1,0.64
1763067436.322481,12.10,5,6,1,1,1,1,0.64
1763067437.3333359,13.11,5,6,1,0,2,0,1.22
1763067438.3459725,14.12,5,6,1,0,2,0,1.29
1763067439.3492413,15.13,5,7,2,0,2,0,1.36
1763067440.359609,16.14,6,8,2,0,2,0,1.42
1763067441.370958,17.15,5,8,3,0,4,0,2.69
1763067442.3804505,18.16,6,9,3,0,4,0,2.76
1763067443.3815813,19.16,5,9,4,0,4,0,2.83
1763067444.3871841,20.16,7,11,4,0,4,0,2.89
1763067445.4036252,21.18,7,11,4,0,5,0,3.56
1763067446.4146433,22.19,7,11,4,0,5,0,3.63
1763067447.4251895,23.20,8,12,4,0,5,0,3.70
1763067448.4291544,24.21,8,13,5,0,5,1,3.70
1763067449.4372213,25.22,8,13,5,1,6,1,3.70
1763067450.4430866,26.22,8,13,5,1,2,0,0.67
1763067451.4507487,27.23,7,13,6,1,0,0,0.73
1763067452.4544187,28.23,8,14,6,1,0,0,0.80
1763067453.4577324,29.23,8,14,6,1,0,0,0.87
1763067454.4614441,30.24,4,15,11,1,1,0,0.92
1763067455.4724019,31.25,3,15,12,1,1,0,0.92
1763067456.478888,32.26,3,15,12,0,1,0,0.62
1763067457.4853203,33.26,3,15,12,0,1,0,0.68
1763067458.4929292,34.27,3,15,12,0,1,0,0.75
1763067459.5004852,35.28,4,16,12,0,1,0,0.81
1763067460.502728,36.28,3,16,13,0,1,0,0.81
1763067461.5126283,37.29,2,16,14,1,0,0,0.61
1763067462.5150647,38.29,3,17,14,1,0,0,0.68
1763067463.5195627,39.30,3,17,14,2,0,0,1.35
1763067464.5227642,40.30,3,17,14,2,0,0,1.41
1763067465.5314343,41.31,3,17,14,2,0,0,1.41
1763067466.5429928,42.32,2,17,15,0,0,0,0.01
1763067467.5526042,43.33,2,17,15,0,0,0,0.08
1763067468.554708,44.33,2,17,15,0,0,0,0.14
1763067469.5640635,45.34,2,17,15,0,0,0,0.21
1763067470.569328,46.35,2,17,15,0,0,1,0.21
1763067471.5831718,47.36,2,20,18,0,0,0,0.01
1763067472.5900226,48.37,3,21,18,0,0,0,0.07
1763067473.5973756,49.37,3,21,18,2,0,0,1.34
1763067474.5969326,50.38,3,21,18,2,1,0,1.41
1763067475.6004012,51.38,3,21,18,2,1,0,1.41
1763067476.6204667,52.40,3,21,18,0,1,0,0.60
1763068309.4027758,1.01,1,1,0,0,0,0,0.07
1763068310.4152617,2.02,2,2,0,0,0,0,0.13
1763068311.4225814,3.03,5,5,0,1,0,0,0.80
1763068312.4340515,4.04,7,7,0,3,1,1,0.82
1763068313.4456244,5.06,8,8,0,4,1,1,0.82
1763068314.455521,6.06,9,9,0,2,2,0,1.25
1763068315.4568179,7.06,11,11,0,0,2,0,1.32
1763068316.4645836,8.07,14,14,0,0,2,0,1.39
1763068317.4715328,9.08,16,16,0,0,2,0,1.45
1763068318.4871154,10.09,13,16,3,0,3,0,2.12
1763068319.5007315,11.11,12,17,5,0,4,0,2.79
1763068320.5124397,12.12,13,19,6,0,4,0,2.86
1763068321.5293272,13.13,15,22,7,0,4,0,2.93
1763068322.5320024,14.14,16,25,9,0,5,0,3.60
1763068323.5348797,15.14,16,27,11,0,6,0,4.26
1763068324.539796,16.14,18,30,12,0,6,0,4.33
1763068325.5458393,17.15,19,31,12,0,6,0,4.40
1763068326.5602431,18.17,21,34,13,3,7,0,4.40
1763068327.5653882,19.17,20,35,15,3,5,0,1.80
